[{
  "_id": "686c9b6071d41c84b047686a",
  "id": "rating1",
  "idStore": "store1",
  "idOrder": "order1",
  "idProfile": "profile1",
  "stars": 4,
  "comment": "Estuvo rico y todo, pero me llego frio",
  "createdAt": "2025-07-08T04:15:28.523Z",
  "updatedAt": "2025-07-08T04:15:28.523Z",
  "__v": 0
},
{
  "_id": "686c9b7871d41c84b047686c",
  "id": "rating2",
  "idStore": "store1",
  "idOrder": "order2",
  "idProfile": "profile1",
  "stars": 3,
  "comment": "Tardo mucho en llegar, casi muero de hambre",
  "createdAt": "2025-07-08T04:15:52.603Z",
  "updatedAt": "2025-07-08T04:15:52.603Z",
  "__v": 0
},
{
  "_id": "686c9b8871d41c84b047686e",
  "id": "rating3",
  "idStore": "store1",
  "idOrder": "order3",
  "idProfile": "profile1",
  "stars": 5,
  "comment": "Excelente servicio, nunca habia comido comida tan buena :9, recomendadisimo",
  "createdAt": "2025-07-08T04:16:08.868Z",
  "updatedAt": "2025-07-08T04:16:08.868Z",
  "__v": 0
}]